kota,provinsi,types,kota english,singkatan_provinsi
Aceh Barat,Aceh,Kabupaten,West Aceh,Aceh
Aceh Barat Daya,Aceh,Kabupaten,Southwest Aceh,Aceh
Aceh Besar,Aceh,Kabupaten,kotatidakbisadigantibahasa,Aceh
Aceh Jaya,Aceh,Kabupaten,kotatidakbisadigantibahasa,Aceh
Aceh Selatan,Aceh,Kabupaten,South Aceh,Aceh
Aceh Singkil,Aceh,Kabupaten,kotatidakbisadigantibahasa,Aceh
Aceh Tamiang,Aceh,Kabupaten,kotatidakbisadigantibahasa,Aceh
Aceh Tengah,Aceh,Kabupaten,Central Aceh,Aceh
Aceh Tenggara,Aceh,Kabupaten,Southeast Aceh,Aceh
Aceh Timur,Aceh,Kabupaten,East Aceh,Aceh
Aceh Utara,Aceh,Kabupaten,North Aceh,Aceh
Banda Aceh,Aceh,Kota,kotatidakbisadigantibahasa,Aceh
Bener Meriah,Aceh,Kabupaten,kotatidakbisadigantibahasa,Aceh
Bireuen,Aceh,Kabupaten,kotatidakbisadigantibahasa,Aceh
Gayo Lues,Aceh,Kabupaten,kotatidakbisadigantibahasa,Aceh
Langsa,Aceh,Kota,kotatidakbisadigantibahasa,Aceh
Lhokseumawe,Aceh,Kota,kotatidakbisadigantibahasa,Aceh
Nagan Raya,Aceh,Kabupaten,kotatidakbisadigantibahasa,Aceh
Pidie,Aceh,Kabupaten,kotatidakbisadigantibahasa,Aceh
Pidie Jaya,Aceh,Kabupaten,kotatidakbisadigantibahasa,Aceh
Sabang,Aceh,Kota,kotatidakbisadigantibahasa,Aceh
Simeulue,Aceh,Kabupaten,kotatidakbisadigantibahasa,Aceh
Subulussalam,Aceh,Kota,kotatidakbisadigantibahasa,Aceh
Badung,Bali,Kabupaten,kotatidakbisadigantibahasa,Bali
Bangli,Bali,Kabupaten,kotatidakbisadigantibahasa,Bali
Buleleng,Bali,Kabupaten,kotatidakbisadigantibahasa,Bali
Denpasar,Bali,Kota,kotatidakbisadigantibahasa,Bali
Gianyar,Bali,Kabupaten,kotatidakbisadigantibahasa,Bali
Jembrana,Bali,Kabupaten,kotatidakbisadigantibahasa,Bali
Karangasem,Bali,Kabupaten,kotatidakbisadigantibahasa,Bali
Klungkung,Bali,Kabupaten,kotatidakbisadigantibahasa,Bali
Tabanan,Bali,Kabupaten,kotatidakbisadigantibahasa,Bali
Cilegon,Banten,Kota,kotatidakbisadigantibahasa,Banten
Kota Serang,Banten,Kota,City of Serang,Banten
Kota Tangerang,Banten,Kota,Tangerang City,Banten
Lebak,Banten,Kabupaten,kotatidakbisadigantibahasa,Banten
Pandeglang,Banten,Kabupaten,kotatidakbisadigantibahasa,Banten
Serang,Banten,Kabupaten,kotatidakbisadigantibahasa,Banten
Tangerang,Banten,Kabupaten,kotatidakbisadigantibahasa,Banten
Tangerang Selatan,Banten,Kota,South Tangerang,Banten
Bengkulu,Bengkulu,Kota,kotatidakbisadigantibahasa,Bengkulu
Bengkulu Selatan,Bengkulu,Kabupaten,kotatidakbisadigantibahasa,Bengkulu
Bengkulu Tengah,Bengkulu,Kabupaten,Central Bengkulu,Bengkulu
Bengkulu Utara,Bengkulu,Kabupaten,North Bengkulu,Bengkulu
Kaur,Bengkulu,Kabupaten,kotatidakbisadigantibahasa,Bengkulu
Kepahiang,Bengkulu,Kabupaten,kotatidakbisadigantibahasa,Bengkulu
Lebong,Bengkulu,Kabupaten,kotatidakbisadigantibahasa,Bengkulu
Mukomuko,Bengkulu,Kabupaten,kotatidakbisadigantibahasa,Bengkulu
Rejang Lebong,Bengkulu,Kabupaten,kotatidakbisadigantibahasa,Bengkulu
Seluma,Bengkulu,Kabupaten,kotatidakbisadigantibahasa,Bengkulu
Bantul,DI Yogyakarta,Kabupaten,kotatidakbisadigantibahasa,Yogyakarta
Gunung Kidul,DI Yogyakarta,Kabupaten,South Mountain,Yogyakarta
Kota Yogyakarta,DI Yogyakarta,Kota,Yogyakarta City,Yogyakarta
Kulon Progo,DI Yogyakarta,Kabupaten,West of Progo,Yogyakarta
Sleman,DI Yogyakarta,Kabupaten,kotatidakbisadigantibahasa,Yogyakarta
Jakarta Barat,DKI Jakarta,Kota,west Jakarta,Jakarta
Jakarta Pusat,DKI Jakarta,Kota,Central Jakarta,Jakarta
Jakarta Selatan,DKI Jakarta,Kota,South Jakarta,Jakarta
Jakarta Timur,DKI Jakarta,Kota,East Jakarta,Jakarta
Jakarta Utara,DKI Jakarta,Kota,North Jakarta,Jakarta
Kepulauan Seribu,DKI Jakarta,Kabupaten,Thousand Islands,Jakarta
Boalemo,Gorontalo,Kabupaten,kotatidakbisadigantibahasa,Gorontalo
Bone Bolango,Gorontalo,Kabupaten,kotatidakbisadigantibahasa,Gorontalo
Danau Limboto,Gorontalo,Kabupaten,Lake Limboto,Gorontalo
Gorontalo,Gorontalo,Kabupaten,kotatidakbisadigantibahasa,Gorontalo
Gorontalo Utara,Gorontalo,Kabupaten,North Gorontalo,Gorontalo
Kota Gorontalo,Gorontalo,Kota,Gorontalo City,Gorontalo
Pohuwato,Gorontalo,Kabupaten,kotatidakbisadigantibahasa,Gorontalo
Batang Hari,Jambi,Kabupaten,kotatidakbisadigantibahasa,Jambi
Bungo,Jambi,Kabupaten,kotatidakbisadigantibahasa,Jambi
Jambi,Jambi,Kota,kotatidakbisadigantibahasa,Jambi
Kerinci,Jambi,Kabupaten,kotatidakbisadigantibahasa,Jambi
Merangin,Jambi,Kabupaten,kotatidakbisadigantibahasa,Jambi
Muaro Jambi,Jambi,Kabupaten,kotatidakbisadigantibahasa,Jambi
Sarolangun,Jambi,Kabupaten,kotatidakbisadigantibahasa,Jambi
Sungai Penuh,Jambi,Kota,kotatidakbisadigantibahasa,Jambi
Tanjung Jabung B,Jambi,Kabupaten,kotatidakbisadigantibahasa,Jambi
Tanjung Jabung T,Jambi,Kabupaten,kotatidakbisadigantibahasa,Jambi
Tebo,Jambi,Kabupaten,kotatidakbisadigantibahasa,Jambi
Bandung,Jawa Barat,Kabupaten,kotatidakbisadigantibahasa,Jabar
Bandung Barat,Jawa Barat,Kabupaten,west bandung,Jabar
Banjar,Jawa Barat,Kota,kotatidakbisadigantibahasa,Jabar
Bekasi,Jawa Barat,Kabupaten,kotatidakbisadigantibahasa,Jabar
Bogor,Jawa Barat,Kabupaten,kotatidakbisadigantibahasa,Jabar
Ciamis,Jawa Barat,Kabupaten,kotatidakbisadigantibahasa,Jabar
Cianjur,Jawa Barat,Kabupaten,kotatidakbisadigantibahasa,Jabar
Cimahi,Jawa Barat,Kota,kotatidakbisadigantibahasa,Jabar
Cirebon,Jawa Barat,Kabupaten,kotatidakbisadigantibahasa,Jabar
Depok,Jawa Barat,Kota,kotatidakbisadigantibahasa,Jabar
Garut,Jawa Barat,Kabupaten,kotatidakbisadigantibahasa,Jabar
Indramayu,Jawa Barat,Kabupaten,kotatidakbisadigantibahasa,Jabar
Karawang,Jawa Barat,Kabupaten,kotatidakbisadigantibahasa,Jabar
Kota Bandung,Jawa Barat,Kota,Bandung City,Jabar
Kota Bekasi,Jawa Barat,Kota,Bekasi city,Jabar
Kota Bogor,Jawa Barat,Kota,Bogor city,Jabar
Kota Cirebon,Jawa Barat,Kota,Cirebon City,Jabar
Kota Sukabumi,Jawa Barat,Kota,Sukabumi City,Jabar
Kota Tasikmalaya,Jawa Barat,Kota,City of Tasikmalaya,Jabar
Kuningan,Jawa Barat,Kabupaten,kotatidakbisadigantibahasa,Jabar
Majalengka,Jawa Barat,Kabupaten,kotatidakbisadigantibahasa,Jabar
Purwakarta,Jawa Barat,Kabupaten,kotatidakbisadigantibahasa,Jabar
Subang,Jawa Barat,Kabupaten,kotatidakbisadigantibahasa,Jabar
Sukabumi,Jawa Barat,Kabupaten,kotatidakbisadigantibahasa,Jabar
Sumedang,Jawa Barat,Kabupaten,kotatidakbisadigantibahasa,Jabar
Tasikmalaya,Jawa Barat,Kabupaten,kotatidakbisadigantibahasa,Jabar
Banjarnegara,Jawa Tengah,Kabupaten,kotatidakbisadigantibahasa,Jateng
Banyumas,Jawa Tengah,Kabupaten,kotatidakbisadigantibahasa,Jateng
Batang,Jawa Tengah,Kabupaten,kotatidakbisadigantibahasa,Jateng
Blora,Jawa Tengah,Kabupaten,kotatidakbisadigantibahasa,Jateng
Boyolali,Jawa Tengah,Kabupaten,kotatidakbisadigantibahasa,Jateng
Brebes,Jawa Tengah,Kabupaten,kotatidakbisadigantibahasa,Jateng
Cilacap,Jawa Tengah,Kabupaten,kotatidakbisadigantibahasa,Jateng
Demak,Jawa Tengah,Kabupaten,kotatidakbisadigantibahasa,Jateng
Grobogan,Jawa Tengah,Kabupaten,kotatidakbisadigantibahasa,Jateng
Jepara,Jawa Tengah,Kabupaten,kotatidakbisadigantibahasa,Jateng
Karanganyar,Jawa Tengah,Kabupaten,kotatidakbisadigantibahasa,Jateng
Kebumen,Jawa Tengah,Kabupaten,kotatidakbisadigantibahasa,Jateng
Kendal,Jawa Tengah,Kabupaten,kotatidakbisadigantibahasa,Jateng
Klaten,Jawa Tengah,Kabupaten,kotatidakbisadigantibahasa,Jateng
Kota Magelang,Jawa Tengah,Kota,Magelang City,Jateng
Kota Pekalongan,Jawa Tengah,Kota,Pekalongan City,Jateng
Kota Semarang,Jawa Tengah,Kota,Semarang city,Jateng
Kota Tegal,Jawa Tengah,Kota,Tegal City,Jateng
Kudus,Jawa Tengah,Kabupaten,kotatidakbisadigantibahasa,Jateng
Magelang,Jawa Tengah,Kabupaten,kotatidakbisadigantibahasa,Jateng
Pati,Jawa Tengah,Kabupaten,kotatidakbisadigantibahasa,Jateng
Pekalongan,Jawa Tengah,Kabupaten,kotatidakbisadigantibahasa,Jateng
Pemalang,Jawa Tengah,Kabupaten,kotatidakbisadigantibahasa,Jateng
Purbalingga,Jawa Tengah,Kabupaten,kotatidakbisadigantibahasa,Jateng
Purworejo,Jawa Tengah,Kabupaten,kotatidakbisadigantibahasa,Jateng
Rembang,Jawa Tengah,Kabupaten,kotatidakbisadigantibahasa,Jateng
Salatiga,Jawa Tengah,Kota,kotatidakbisadigantibahasa,Jateng
Semarang,Jawa Tengah,Kabupaten,kotatidakbisadigantibahasa,Jateng
Sragen,Jawa Tengah,Kabupaten,kotatidakbisadigantibahasa,Jateng
Sukoharjo,Jawa Tengah,Kabupaten,kotatidakbisadigantibahasa,Jateng
Surakarta,Jawa Tengah,Kota,kotatidakbisadigantibahasa,Jateng
Tegal,Jawa Tengah,Kabupaten,kotatidakbisadigantibahasa,Jateng
Temanggung,Jawa Tengah,Kabupaten,kotatidakbisadigantibahasa,Jateng
Wonogiri,Jawa Tengah,Kabupaten,kotatidakbisadigantibahasa,Jateng
Wonosobo,Jawa Tengah,Kabupaten,kotatidakbisadigantibahasa,Jateng
Bangkalan,Jawa Timur,Kabupaten,kotatidakbisadigantibahasa,Jawa Timur
Banyuwangi,Jawa Timur,Kabupaten,kotatidakbisadigantibahasa,Jawa Timur
Batu,Jawa Timur,Kota,kotatidakbisadigantibahasa,Jawa Timur
Blitar,Jawa Timur,Kabupaten,kotatidakbisadigantibahasa,Jawa Timur
Bojonegoro,Jawa Timur,Kabupaten,kotatidakbisadigantibahasa,Jawa Timur
Bondowoso,Jawa Timur,Kabupaten,kotatidakbisadigantibahasa,Jawa Timur
Gresik,Jawa Timur,Kabupaten,kotatidakbisadigantibahasa,Jawa Timur
Jember,Jawa Timur,Kabupaten,kotatidakbisadigantibahasa,Jawa Timur
Jombang,Jawa Timur,Kabupaten,kotatidakbisadigantibahasa,Jawa Timur
Kediri,Jawa Timur,Kabupaten,kotatidakbisadigantibahasa,Jawa Timur
Kota Blitar,Jawa Timur,Kota,Blitar City,Jawa Timur
Kota Kediri,Jawa Timur,Kota,Kediri City,Jawa Timur
Kota Madiun,Jawa Timur,Kota,Madiun City,Jawa Timur
Kota Malang,Jawa Timur,Kota,Malang city,Jawa Timur
Kota Mojokerto,Jawa Timur,Kota,Mojokerto City,Jawa Timur
Kota Pasuruan,Jawa Timur,Kota,Pasuruan City,Jawa Timur
Kota Probolinggo,Jawa Timur,Kota,City of Probolinggo,Jawa Timur
Lamongan,Jawa Timur,Kabupaten,kotatidakbisadigantibahasa,Jawa Timur
Lumajang,Jawa Timur,Kabupaten,kotatidakbisadigantibahasa,Jawa Timur
Madiun,Jawa Timur,Kabupaten,kotatidakbisadigantibahasa,Jawa Timur
Magetan,Jawa Timur,Kabupaten,kotatidakbisadigantibahasa,Jawa Timur
Malang,Jawa Timur,Kabupaten,kotatidakbisadigantibahasa,Jawa Timur
Mojokerto,Jawa Timur,Kabupaten,kotatidakbisadigantibahasa,Jawa Timur
Nganjuk,Jawa Timur,Kabupaten,kotatidakbisadigantibahasa,Jawa Timur
Ngawi,Jawa Timur,Kabupaten,kotatidakbisadigantibahasa,Jawa Timur
Pacitan,Jawa Timur,Kabupaten,kotatidakbisadigantibahasa,Jawa Timur
Pamekasan,Jawa Timur,Kabupaten,kotatidakbisadigantibahasa,Jawa Timur
Pasuruan,Jawa Timur,Kabupaten,kotatidakbisadigantibahasa,Jawa Timur
Ponorogo,Jawa Timur,Kabupaten,kotatidakbisadigantibahasa,Jawa Timur
Probolinggo,Jawa Timur,Kabupaten,kotatidakbisadigantibahasa,Jawa Timur
Sampang,Jawa Timur,Kabupaten,kotatidakbisadigantibahasa,Jawa Timur
Sidoarjo,Jawa Timur,Kabupaten,kotatidakbisadigantibahasa,Jawa Timur
Situbondo,Jawa Timur,Kabupaten,kotatidakbisadigantibahasa,Jawa Timur
Sumenep,Jawa Timur,Kabupaten,kotatidakbisadigantibahasa,Jawa Timur
Surabaya,Jawa Timur,Kota,kotatidakbisadigantibahasa,Jawa Timur
Trenggalek,Jawa Timur,Kabupaten,kotatidakbisadigantibahasa,Jawa Timur
Tuban,Jawa Timur,Kabupaten,kotatidakbisadigantibahasa,Jawa Timur
Tulungagung,Jawa Timur,Kabupaten,kotatidakbisadigantibahasa,Jawa Timur
Bengkayang,Kalimantan Barat,Kabupaten,kotatidakbisadigantibahasa,kalbar
Kapuas Hulu,Kalimantan Barat,Kabupaten,kotatidakbisadigantibahasa,kalbar
Kayong Utara,Kalimantan Barat,Kabupaten,kotatidakbisadigantibahasa,kalbar
Ketapang,Kalimantan Barat,Kabupaten,kotatidakbisadigantibahasa,kalbar
Kota Pontianak,Kalimantan Barat,Kota,Pontianak City,kalbar
Kubu Raya,Kalimantan Barat,Kabupaten,kotatidakbisadigantibahasa,kalbar
Landak,Kalimantan Barat,Kabupaten,kotatidakbisadigantibahasa,kalbar
Melawi,Kalimantan Barat,Kabupaten,kotatidakbisadigantibahasa,kalbar
Pontianak,Kalimantan Barat,Kabupaten,kotatidakbisadigantibahasa,kalbar
Sambas,Kalimantan Barat,Kabupaten,kotatidakbisadigantibahasa,kalbar
Sanggau,Kalimantan Barat,Kabupaten,kotatidakbisadigantibahasa,kalbar
Sekadau,Kalimantan Barat,Kabupaten,kotatidakbisadigantibahasa,kalbar
Singkawang,Kalimantan Barat,Kota,kotatidakbisadigantibahasa,kalbar
Sintang,Kalimantan Barat,Kabupaten,kotatidakbisadigantibahasa,kalbar
Balangan,Kalimantan Selatan,Kabupaten,kotatidakbisadigantibahasa,kalsel
Banjar,Kalimantan Selatan,Kabupaten,kotatidakbisadigantibahasa,kalsel
Banjar Baru,Kalimantan Selatan,Kota,kotatidakbisadigantibahasa,kalsel
Banjarmasin,Kalimantan Selatan,Kota,kotatidakbisadigantibahasa,kalsel
Barito Kuala,Kalimantan Selatan,Kabupaten,kotatidakbisadigantibahasa,kalsel
Hulu Sungai Selatan,Kalimantan Selatan,Kabupaten,kotatidakbisadigantibahasa,kalsel
Hulu Sungai Tengah,Kalimantan Selatan,Kabupaten,kotatidakbisadigantibahasa,kalsel
Hulu Sungai Utara,Kalimantan Selatan,Kabupaten,kotatidakbisadigantibahasa,kalsel
Kota Baru,Kalimantan Selatan,Kabupaten,kotatidakbisadigantibahasa,kalsel
Tabalong,Kalimantan Selatan,Kabupaten,kotatidakbisadigantibahasa,kalsel
Tanah Bumbu,Kalimantan Selatan,Kabupaten,kotatidakbisadigantibahasa,kalsel
Tanah Laut,Kalimantan Selatan,Kabupaten,kotatidakbisadigantibahasa,kalsel
Tapin,Kalimantan Selatan,Kabupaten,kotatidakbisadigantibahasa,kalsel
Barito Selatan,Kalimantan Tengah,Kabupaten,South Barito,kalteng
Barito Timur,Kalimantan Tengah,Kabupaten,kotatidakbisadigantibahasa,kalteng
Barito Utara,Kalimantan Tengah,Kabupaten,kotatidakbisadigantibahasa,kalteng
Gunung Mas,Kalimantan Tengah,Kabupaten,kotatidakbisadigantibahasa,kalteng
Kapuas,Kalimantan Tengah,Kabupaten,kotatidakbisadigantibahasa,kalteng
Katingan,Kalimantan Tengah,Kabupaten,kotatidakbisadigantibahasa,kalteng
Kotawaringin Barat,Kalimantan Tengah,Kabupaten,kotatidakbisadigantibahasa,kalteng
Kotawaringin Timur,Kalimantan Tengah,Kabupaten,kotatidakbisadigantibahasa,kalteng
Lamandau,Kalimantan Tengah,Kabupaten,kotatidakbisadigantibahasa,kalteng
Murung Raya,Kalimantan Tengah,Kabupaten,kotatidakbisadigantibahasa,kalteng
Palangka Raya,Kalimantan Tengah,Kota,kotatidakbisadigantibahasa,kalteng
Pulang Pisau,Kalimantan Tengah,Kabupaten,kotatidakbisadigantibahasa,kalteng
Seruyan,Kalimantan Tengah,Kabupaten,kotatidakbisadigantibahasa,kalteng
Sukamara,Kalimantan Tengah,Kabupaten,kotatidakbisadigantibahasa,kalteng
Balikpapan,Kalimantan Timur,Kota,kotatidakbisadigantibahasa,kaltim
Berau,Kalimantan Timur,Kabupaten,kotatidakbisadigantibahasa,kaltim
Bontang,Kalimantan Timur,Kota,kotatidakbisadigantibahasa,kaltim
Kutai Barat,Kalimantan Timur,Kabupaten,kotatidakbisadigantibahasa,kaltim
Kutai Kartanegara,Kalimantan Timur,Kabupaten,kotatidakbisadigantibahasa,kaltim
Kutai Timur,Kalimantan Timur,Kabupaten,kotatidakbisadigantibahasa,kaltim
Paser,Kalimantan Timur,Kabupaten,kotatidakbisadigantibahasa,kaltim
Penajam Paser Utara,Kalimantan Timur,Kabupaten,kotatidakbisadigantibahasa,kaltim
Samarinda,Kalimantan Timur,Kota,kotatidakbisadigantibahasa,kaltim
Bulungan,Kalimantan Utara,Kabupaten,kotatidakbisadigantibahasa,kalut
Malinau,Kalimantan Utara,Kabupaten,kotatidakbisadigantibahasa,kalut
Nunukan,Kalimantan Utara,Kabupaten,kotatidakbisadigantibahasa,kalut
Tana Tidung,Kalimantan Utara,Kabupaten,kotatidakbisadigantibahasa,kalut
Tarakan,Kalimantan Utara,Kota,kotatidakbisadigantibahasa,kalut
Bangka,Kepulauan Bangka Belitung,Kabupaten,kotatidakbisadigantibahasa,Bangka Belitung
Bangka Barat,Kepulauan Bangka Belitung,Kabupaten,kotatidakbisadigantibahasa,Bangka Belitung
Bangka Selatan,Kepulauan Bangka Belitung,Kabupaten,kotatidakbisadigantibahasa,Bangka Belitung
Bangka Tengah,Kepulauan Bangka Belitung,Kabupaten,kotatidakbisadigantibahasa,Bangka Belitung
Belitung,Kepulauan Bangka Belitung,Kabupaten,kotatidakbisadigantibahasa,Bangka Belitung
Belitung Timur,Kepulauan Bangka Belitung,Kabupaten,kotatidakbisadigantibahasa,Bangka Belitung
Pangkalpinang,Kepulauan Bangka Belitung,Kota,kotatidakbisadigantibahasa,Bangka Belitung
Batam,Kepulauan Riau,Kota,kotatidakbisadigantibahasa,kepri
Bintan,Kepulauan Riau,Kabupaten,kotatidakbisadigantibahasa,kepri
Karimun,Kepulauan Riau,Kabupaten,kotatidakbisadigantibahasa,kepri
Kepulauan Anambas,Kepulauan Riau,Kabupaten,kotatidakbisadigantibahasa,kepri
Lingga,Kepulauan Riau,Kabupaten,kotatidakbisadigantibahasa,kepri
Natuna,Kepulauan Riau,Kabupaten,kotatidakbisadigantibahasa,kepri
Tanjungpinang,Kepulauan Riau,Kota,kotatidakbisadigantibahasa,kepri
Bandar Lampung,Lampung,Kota,kotatidakbisadigantibahasa,Lampung
Lampung Barat,Lampung,Kabupaten,kotatidakbisadigantibahasa,Lampung
Lampung Selatan,Lampung,Kabupaten,kotatidakbisadigantibahasa,Lampung
Lampung Tengah,Lampung,Kabupaten,kotatidakbisadigantibahasa,Lampung
Lampung Timur,Lampung,Kabupaten,kotatidakbisadigantibahasa,Lampung
Lampung Utara,Lampung,Kabupaten,kotatidakbisadigantibahasa,Lampung
Mesuji,Lampung,Kabupaten,kotatidakbisadigantibahasa,Lampung
Metro,Lampung,Kota,kotatidakbisadigantibahasa,Lampung
Pesawaran,Lampung,Kabupaten,kotatidakbisadigantibahasa,Lampung
Pringsewu,Lampung,Kabupaten,kotatidakbisadigantibahasa,Lampung
Tanggamus,Lampung,Kabupaten,kotatidakbisadigantibahasa,Lampung
Tulang Bawang Barat,Lampung,Kabupaten,kotatidakbisadigantibahasa,Lampung
Tulangbawang,Lampung,Kabupaten,kotatidakbisadigantibahasa,Lampung
Way Kanan,Lampung,Kabupaten,kotatidakbisadigantibahasa,Lampung
Ambon,Maluku,Kota,kotatidakbisadigantibahasa,Maluku
Buru,Maluku,Kabupaten,kotatidakbisadigantibahasa,Maluku
Buru Selatan,Maluku,Kabupaten,kotatidakbisadigantibahasa,Maluku
Kepulauan Aru,Maluku,Kabupaten,kotatidakbisadigantibahasa,Maluku
Maluku Barat Daya,Maluku,Kabupaten,kotatidakbisadigantibahasa,Maluku
Maluku Tengah,Maluku,Kabupaten,kotatidakbisadigantibahasa,Maluku
Maluku Tenggara,Maluku,Kabupaten,kotatidakbisadigantibahasa,Maluku
Maluku Tenggara Barat,Maluku,Kabupaten,kotatidakbisadigantibahasa,Maluku
Seram Bagian Barat,Maluku,Kabupaten,kotatidakbisadigantibahasa,Maluku
Seram Bagian Timur,Maluku,Kabupaten,kotatidakbisadigantibahasa,Maluku
Tual,Maluku,Kota,kotatidakbisadigantibahasa,Maluku
Halmahera Barat,Maluku Utara,Kabupaten,kotatidakbisadigantibahasa,malut
Halmahera Selatan,Maluku Utara,Kabupaten,kotatidakbisadigantibahasa,malut
Halmahera Tengah,Maluku Utara,Kabupaten,kotatidakbisadigantibahasa,malut
Halmahera Timur,Maluku Utara,Kabupaten,kotatidakbisadigantibahasa,malut
Halmahera Utara,Maluku Utara,Kabupaten,kotatidakbisadigantibahasa,malut
Kepulauan Sula,Maluku Utara,Kabupaten,kotatidakbisadigantibahasa,malut
Pulau Morotai,Maluku Utara,Kabupaten,kotatidakbisadigantibahasa,malut
Ternate,Maluku Utara,Kota,kotatidakbisadigantibahasa,malut
Tidore Kepulauan,Maluku Utara,Kota,kotatidakbisadigantibahasa,malut
Bima,Nusa Tenggara Barat,Kabupaten,kotatidakbisadigantibahasa,ntb
Dompu,Nusa Tenggara Barat,Kabupaten,kotatidakbisadigantibahasa,ntb
Kota Bima,Nusa Tenggara Barat,Kota,kotatidakbisadigantibahasa,ntb
Lombok Barat,Nusa Tenggara Barat,Kabupaten,kotatidakbisadigantibahasa,ntb
Lombok Tengah,Nusa Tenggara Barat,Kabupaten,kotatidakbisadigantibahasa,ntb
Lombok Timur,Nusa Tenggara Barat,Kabupaten,kotatidakbisadigantibahasa,ntb
Lombok Utara,Nusa Tenggara Barat,Kabupaten,kotatidakbisadigantibahasa,ntb
Mataram,Nusa Tenggara Barat,Kota,kotatidakbisadigantibahasa,ntb
Sumbawa,Nusa Tenggara Barat,Kabupaten,kotatidakbisadigantibahasa,ntb
Sumbawa Barat,Nusa Tenggara Barat,Kabupaten,kotatidakbisadigantibahasa,ntb
Alor,Nusa Tenggara Timur,Kabupaten,kotatidakbisadigantibahasa,ntt
Belu,Nusa Tenggara Timur,Kabupaten,kotatidakbisadigantibahasa,ntt
Ende,Nusa Tenggara Timur,Kabupaten,kotatidakbisadigantibahasa,ntt
Flores Timur,Nusa Tenggara Timur,Kabupaten,kotatidakbisadigantibahasa,ntt
Kota Kupang,Nusa Tenggara Timur,Kota,kotatidakbisadigantibahasa,ntt
Kupang,Nusa Tenggara Timur,Kabupaten,kotatidakbisadigantibahasa,ntt
Lembata,Nusa Tenggara Timur,Kabupaten,kotatidakbisadigantibahasa,ntt
Manggarai,Nusa Tenggara Timur,Kabupaten,kotatidakbisadigantibahasa,ntt
Manggarai Barat,Nusa Tenggara Timur,Kabupaten,kotatidakbisadigantibahasa,ntt
Manggarai Timur,Nusa Tenggara Timur,Kabupaten,kotatidakbisadigantibahasa,ntt
Nagekeo,Nusa Tenggara Timur,Kabupaten,kotatidakbisadigantibahasa,ntt
Ngada,Nusa Tenggara Timur,Kabupaten,kotatidakbisadigantibahasa,ntt
Rote Ndao,Nusa Tenggara Timur,Kabupaten,kotatidakbisadigantibahasa,ntt
Sabu Raijua,Nusa Tenggara Timur,Kabupaten,kotatidakbisadigantibahasa,ntt
Sikka,Nusa Tenggara Timur,Kabupaten,kotatidakbisadigantibahasa,ntt
Sumba Barat,Nusa Tenggara Timur,Kabupaten,kotatidakbisadigantibahasa,ntt
Sumba Barat Daya,Nusa Tenggara Timur,Kabupaten,kotatidakbisadigantibahasa,ntt
Sumba Tengah,Nusa Tenggara Timur,Kabupaten,kotatidakbisadigantibahasa,ntt
Sumba Timur,Nusa Tenggara Timur,Kabupaten,kotatidakbisadigantibahasa,ntt
Timor Tengah Selatan,Nusa Tenggara Timur,Kabupaten,kotatidakbisadigantibahasa,ntt
Timor Tengah Utara,Nusa Tenggara Timur,Kabupaten,kotatidakbisadigantibahasa,ntt
Asmat,Papua,Kabupaten,kotatidakbisadigantibahasa,papua
Biak Numfor,Papua,Kabupaten,kotatidakbisadigantibahasa,papua
Boven Digoel,Papua,Kabupaten,kotatidakbisadigantibahasa,papua
Deiyai,Papua,Kabupaten,kotatidakbisadigantibahasa,papua
Dogiyai,Papua,Kabupaten,kotatidakbisadigantibahasa,papua
Intan Jaya,Papua,Kabupaten,kotatidakbisadigantibahasa,papua
Jayapura,Papua,Kabupaten,kotatidakbisadigantibahasa,papua
Jayawijaya,Papua,Kabupaten,kotatidakbisadigantibahasa,papua
Keerom,Papua,Kabupaten,kotatidakbisadigantibahasa,papua
Kepulauan Yapen,Papua,Kabupaten,kotatidakbisadigantibahasa,papua
Kota Jayapura,Papua,Kota,kotatidakbisadigantibahasa,papua
Lanny Jaya,Papua,Kabupaten,kotatidakbisadigantibahasa,papua
Mamberamo Raya,Papua,Kabupaten,kotatidakbisadigantibahasa,papua
Mamberamo Tengah,Papua,Kabupaten,kotatidakbisadigantibahasa,papua
Mappi,Papua,Kabupaten,kotatidakbisadigantibahasa,papua
Merauke,Papua,Kabupaten,kotatidakbisadigantibahasa,papua
Mimika,Papua,Kabupaten,kotatidakbisadigantibahasa,papua
Nabire,Papua,Kabupaten,kotatidakbisadigantibahasa,papua
Nduga,Papua,Kabupaten,kotatidakbisadigantibahasa,papua
Paniai,Papua,Kabupaten,kotatidakbisadigantibahasa,papua
Pegunungan Bintang,Papua,Kabupaten,kotatidakbisadigantibahasa,papua
Puncak,Papua,Kabupaten,kotatidakbisadigantibahasa,papua
Puncak Jaya,Papua,Kabupaten,kotatidakbisadigantibahasa,papua
Sarmi,Papua,Kabupaten,kotatidakbisadigantibahasa,papua
Supiori,Papua,Kabupaten,kotatidakbisadigantibahasa,papua
Tolikara,Papua,Kabupaten,kotatidakbisadigantibahasa,papua
Waropen,Papua,Kabupaten,kotatidakbisadigantibahasa,papua
Yahukimo,Papua,Kabupaten,kotatidakbisadigantibahasa,papua
Yalimo,Papua,Kabupaten,kotatidakbisadigantibahasa,papua
Fakfak,Papua Barat,Kabupaten,kotatidakbisadigantibahasa,papuabarat
Kaimana,Papua Barat,Kabupaten,kotatidakbisadigantibahasa,papuabarat
Kota Sorong,Papua Barat,Kota,kotatidakbisadigantibahasa,papuabarat
Manokwari,Papua Barat,Kabupaten,kotatidakbisadigantibahasa,papuabarat
Maybrat,Papua Barat,Kabupaten,kotatidakbisadigantibahasa,papuabarat
Raja Ampat,Papua Barat,Kabupaten,kotatidakbisadigantibahasa,papuabarat
Sorong,Papua Barat,Kabupaten,kotatidakbisadigantibahasa,papuabarat
Sorong Selatan,Papua Barat,Kabupaten,kotatidakbisadigantibahasa,papuabarat
Tambrauw,Papua Barat,Kabupaten,kotatidakbisadigantibahasa,papuabarat
Teluk Bintuni,Papua Barat,Kabupaten,kotatidakbisadigantibahasa,papuabarat
Teluk Wondama,Papua Barat,Kabupaten,kotatidakbisadigantibahasa,papuabarat
Bengkalis,Riau,Kabupaten,kotatidakbisadigantibahasa,Riau
Dumai,Riau,Kota,kotatidakbisadigantibahasa,Riau
Indragiri Hilir,Riau,Kabupaten,kotatidakbisadigantibahasa,Riau
Indragiri Hulu,Riau,Kabupaten,kotatidakbisadigantibahasa,Riau
Kampar,Riau,Kabupaten,kotatidakbisadigantibahasa,Riau
Kepulauan Meranti,Riau,Kabupaten,kotatidakbisadigantibahasa,Riau
Kuantan Singingi,Riau,Kabupaten,kotatidakbisadigantibahasa,Riau
Pekanbaru,Riau,Kota,kotatidakbisadigantibahasa,Riau
Pelalawan,Riau,Kabupaten,kotatidakbisadigantibahasa,Riau
Rokan Hilir,Riau,Kabupaten,kotatidakbisadigantibahasa,Riau
Rokan Hulu,Riau,Kabupaten,kotatidakbisadigantibahasa,Riau
Siak,Riau,Kabupaten,kotatidakbisadigantibahasa,Riau
Majene,Sulawesi Barat,Kabupaten,kotatidakbisadigantibahasa,sulbar
Mamasa,Sulawesi Barat,Kabupaten,kotatidakbisadigantibahasa,sulbar
Mamuju,Sulawesi Barat,Kabupaten,kotatidakbisadigantibahasa,sulbar
Mamuju Utara,Sulawesi Barat,Kabupaten,kotatidakbisadigantibahasa,sulbar
Polewali Mandar,Sulawesi Barat,Kabupaten,kotatidakbisadigantibahasa,sulbar
Bantaeng,Sulawesi Selatan,Kabupaten,kotatidakbisadigantibahasa,sulsel
Barru,Sulawesi Selatan,Kabupaten,kotatidakbisadigantibahasa,sulsel
Bone,Sulawesi Selatan,Kabupaten,kotatidakbisadigantibahasa,sulsel
Bulukumba,Sulawesi Selatan,Kabupaten,kotatidakbisadigantibahasa,sulsel
Enrekang,Sulawesi Selatan,Kabupaten,kotatidakbisadigantibahasa,sulsel
Gowa,Sulawesi Selatan,Kabupaten,kotatidakbisadigantibahasa,sulsel
Jeneponto,Sulawesi Selatan,Kabupaten,kotatidakbisadigantibahasa,sulsel
Kepulauan Selayar,Sulawesi Selatan,Kabupaten,kotatidakbisadigantibahasa,sulsel
Luwu,Sulawesi Selatan,Kabupaten,kotatidakbisadigantibahasa,sulsel
Luwu Timur,Sulawesi Selatan,Kabupaten,kotatidakbisadigantibahasa,sulsel
Luwu Utara,Sulawesi Selatan,Kabupaten,kotatidakbisadigantibahasa,sulsel
Makassar,Sulawesi Selatan,Kota,kotatidakbisadigantibahasa,sulsel
Maros,Sulawesi Selatan,Kabupaten,kotatidakbisadigantibahasa,sulsel
Palopo,Sulawesi Selatan,Kota,kotatidakbisadigantibahasa,sulsel
Pangkajene Dan Kepulauan,Sulawesi Selatan,Kabupaten,kotatidakbisadigantibahasa,sulsel
Parepare,Sulawesi Selatan,Kota,kotatidakbisadigantibahasa,sulsel
Pinrang,Sulawesi Selatan,Kabupaten,kotatidakbisadigantibahasa,sulsel
Sidenreng Rappang,Sulawesi Selatan,Kabupaten,kotatidakbisadigantibahasa,sulsel
Sinjai,Sulawesi Selatan,Kabupaten,kotatidakbisadigantibahasa,sulsel
Soppeng,Sulawesi Selatan,Kabupaten,kotatidakbisadigantibahasa,sulsel
Takalar,Sulawesi Selatan,Kabupaten,kotatidakbisadigantibahasa,sulsel
Tana Toraja,Sulawesi Selatan,Kabupaten,kotatidakbisadigantibahasa,sulsel
Toraja Utara,Sulawesi Selatan,Kabupaten,kotatidakbisadigantibahasa,sulsel
Wajo,Sulawesi Selatan,Kabupaten,kotatidakbisadigantibahasa,sulsel
Banggai,Sulawesi Tengah,Kabupaten,kotatidakbisadigantibahasa,sulteng
Banggai Kepulauan,Sulawesi Tengah,Kabupaten,kotatidakbisadigantibahasa,sulteng
Buol,Sulawesi Tengah,Kabupaten,kotatidakbisadigantibahasa,sulteng
Donggala,Sulawesi Tengah,Kabupaten,kotatidakbisadigantibahasa,sulteng
Morowali,Sulawesi Tengah,Kabupaten,kotatidakbisadigantibahasa,sulteng
Palu,Sulawesi Tengah,Kota,kotatidakbisadigantibahasa,sulteng
Parigi Moutong,Sulawesi Tengah,Kabupaten,kotatidakbisadigantibahasa,sulteng
Poso,Sulawesi Tengah,Kabupaten,kotatidakbisadigantibahasa,sulteng
Sigi,Sulawesi Tengah,Kabupaten,kotatidakbisadigantibahasa,sulteng
Tojo Una-Una,Sulawesi Tengah,Kabupaten,kotatidakbisadigantibahasa,sulteng
Toli-Toli,Sulawesi Tengah,Kabupaten,kotatidakbisadigantibahasa,sulteng
Bau-Bau,Sulawesi Tenggara,Kota,kotatidakbisadigantibahasa,sulteng
Bombana,Sulawesi Tenggara,Kabupaten,kotatidakbisadigantibahasa,sulteng
Buton,Sulawesi Tenggara,Kabupaten,kotatidakbisadigantibahasa,sulteng
Buton Utara,Sulawesi Tenggara,Kabupaten,kotatidakbisadigantibahasa,sulteng
Kendari,Sulawesi Tenggara,Kota,kotatidakbisadigantibahasa,sulteng
Kolaka,Sulawesi Tenggara,Kabupaten,kotatidakbisadigantibahasa,sulteng
Kolaka Utara,Sulawesi Tenggara,Kabupaten,kotatidakbisadigantibahasa,sulteng
Konawe,Sulawesi Tenggara,Kabupaten,kotatidakbisadigantibahasa,sulteng
Konawe Selatan,Sulawesi Tenggara,Kabupaten,kotatidakbisadigantibahasa,sulteng
Konawe Utara,Sulawesi Tenggara,Kabupaten,kotatidakbisadigantibahasa,sulteng
Muna,Sulawesi Tenggara,Kabupaten,kotatidakbisadigantibahasa,sulteng
Wakatobi,Sulawesi Tenggara,Kabupaten,kotatidakbisadigantibahasa,sulteng
Bitung,Sulawesi Utara,Kota,kotatidakbisadigantibahasa,sulut
Bolaang Mongondow,Sulawesi Utara,Kabupaten,kotatidakbisadigantibahasa,sulut
Bolaang Mongondow Selatan,Sulawesi Utara,Kabupaten,kotatidakbisadigantibahasa,sulut
Bolaang Mongondow Timur,Sulawesi Utara,Kabupaten,kotatidakbisadigantibahasa,sulut
Bolaang Mongondow Utara,Sulawesi Utara,Kabupaten,kotatidakbisadigantibahasa,sulut
Kepulauan Sangihe,Sulawesi Utara,Kabupaten,kotatidakbisadigantibahasa,sulut
Kepulauan Talaud,Sulawesi Utara,Kabupaten,kotatidakbisadigantibahasa,sulut
Kotamobagu,Sulawesi Utara,Kota,kotatidakbisadigantibahasa,sulut
Manado,Sulawesi Utara,Kota,kotatidakbisadigantibahasa,sulut
Minahasa,Sulawesi Utara,Kabupaten,kotatidakbisadigantibahasa,sulut
Minahasa Selatan,Sulawesi Utara,Kabupaten,kotatidakbisadigantibahasa,sulut
Minahasa Tenggara,Sulawesi Utara,Kabupaten,kotatidakbisadigantibahasa,sulut
Minahasa Utara,Sulawesi Utara,Kabupaten,kotatidakbisadigantibahasa,sulut
Siau Tagulandang Biaro,Sulawesi Utara,Kabupaten,kotatidakbisadigantibahasa,sulut
Tomohon,Sulawesi Utara,Kota,kotatidakbisadigantibahasa,sulut
Agam,Sumatera Barat,Kabupaten,kotatidakbisadigantibahasa,sumbar
Bukittinggi,Sumatera Barat,Kota,kotatidakbisadigantibahasa,sumbar
Dharmasraya,Sumatera Barat,Kabupaten,kotatidakbisadigantibahasa,sumbar
Kepulauan Mentawai,Sumatera Barat,Kabupaten,kotatidakbisadigantibahasa,sumbar
Kota Solok,Sumatera Barat,Kota,kotatidakbisadigantibahasa,sumbar
Lima Puluh Kota,Sumatera Barat,Kabupaten,kotatidakbisadigantibahasa,sumbar
Padang,Sumatera Barat,Kota,kotatidakbisadigantibahasa,sumbar
Padang Panjang,Sumatera Barat,Kota,kotatidakbisadigantibahasa,sumbar
Padang Pariaman,Sumatera Barat,Kabupaten,kotatidakbisadigantibahasa,sumbar
Pariaman,Sumatera Barat,Kota,kotatidakbisadigantibahasa,sumbar
Pasaman,Sumatera Barat,Kabupaten,kotatidakbisadigantibahasa,sumbar
Pasaman Barat,Sumatera Barat,Kabupaten,kotatidakbisadigantibahasa,sumbar
Payakumbuh,Sumatera Barat,Kota,kotatidakbisadigantibahasa,sumbar
Pesisir Selatan,Sumatera Barat,Kabupaten,kotatidakbisadigantibahasa,sumbar
Sawahlunto,Sumatera Barat,Kota,kotatidakbisadigantibahasa,sumbar
Sijunjung,Sumatera Barat,Kabupaten,kotatidakbisadigantibahasa,sumbar
Solok,Sumatera Barat,Kabupaten,kotatidakbisadigantibahasa,sumbar
Solok Selatan,Sumatera Barat,Kabupaten,kotatidakbisadigantibahasa,sumbar
Tanah Datar,Sumatera Barat,Kabupaten,kotatidakbisadigantibahasa,sumbar
Banyu Asin,Sumatera Selatan,Kabupaten,kotatidakbisadigantibahasa,sumsel
Empat Lawang,Sumatera Selatan,Kabupaten,kotatidakbisadigantibahasa,sumsel
Lahat,Sumatera Selatan,Kabupaten,kotatidakbisadigantibahasa,sumsel
Lubuklinggau,Sumatera Selatan,Kota,kotatidakbisadigantibahasa,sumsel
Muara Enim,Sumatera Selatan,Kabupaten,kotatidakbisadigantibahasa,sumsel
Musi Banyuasin,Sumatera Selatan,Kabupaten,kotatidakbisadigantibahasa,sumsel
Musi Rawas,Sumatera Selatan,Kabupaten,kotatidakbisadigantibahasa,sumsel
Ogan Ilir,Sumatera Selatan,Kabupaten,kotatidakbisadigantibahasa,sumsel
Ogan Komering Ilir,Sumatera Selatan,Kabupaten,kotatidakbisadigantibahasa,sumsel
Ogan Komering Ulu,Sumatera Selatan,Kabupaten,kotatidakbisadigantibahasa,sumsel
Ogan Komering Ulu Selatan,Sumatera Selatan,Kabupaten,kotatidakbisadigantibahasa,sumsel
Ogan Komering Ulu Timur,Sumatera Selatan,Kabupaten,kotatidakbisadigantibahasa,sumsel
Pagar Alam,Sumatera Selatan,Kota,kotatidakbisadigantibahasa,sumsel
Palembang,Sumatera Selatan,Kota,kotatidakbisadigantibahasa,sumsel
Prabumulih,Sumatera Selatan,Kota,kotatidakbisadigantibahasa,sumsel
Asahan,Sumatera Utara,Kabupaten,kotatidakbisadigantibahasa,sumut
Batu Bara,Sumatera Utara,Kabupaten,kotatidakbisadigantibahasa,sumut
Dairi,Sumatera Utara,Kabupaten,kotatidakbisadigantibahasa,sumut
Deli Serdang,Sumatera Utara,Kabupaten,kotatidakbisadigantibahasa,sumut
Gunungsitoli,Sumatera Utara,Kota,kotatidakbisadigantibahasa,sumut
Humbang Hasundutan,Sumatera Utara,Kabupaten,kotatidakbisadigantibahasa,sumut
Karo,Sumatera Utara,Kabupaten,kotatidakbisadigantibahasa,sumut
Kota Binjai,Sumatera Utara,Kota,kotatidakbisadigantibahasa,sumut
Kota Medan,Sumatera Utara,Kota,kotatidakbisadigantibahasa,sumut
Kota Tanjungbalai,Sumatera Utara,Kota,kotatidakbisadigantibahasa,sumut
Labuhanbatu,Sumatera Utara,Kabupaten,kotatidakbisadigantibahasa,sumut
Labuhanbatu Selatan,Sumatera Utara,Kabupaten,kotatidakbisadigantibahasa,sumut
Labuhanbatu Utara,Sumatera Utara,Kabupaten,kotatidakbisadigantibahasa,sumut
Langkat,Sumatera Utara,Kabupaten,kotatidakbisadigantibahasa,sumut
Mandailing Natal,Sumatera Utara,Kabupaten,kotatidakbisadigantibahasa,sumut
Nias,Sumatera Utara,Kabupaten,kotatidakbisadigantibahasa,sumut
Nias Barat,Sumatera Utara,Kabupaten,kotatidakbisadigantibahasa,sumut
Nias Selatan,Sumatera Utara,Kabupaten,kotatidakbisadigantibahasa,sumut
Nias Utara,Sumatera Utara,Kabupaten,kotatidakbisadigantibahasa,sumut
Padang Lawas,Sumatera Utara,Kabupaten,kotatidakbisadigantibahasa,sumut
Padang Lawas Utara,Sumatera Utara,Kabupaten,kotatidakbisadigantibahasa,sumut
Padangsidimpuan,Sumatera Utara,Kota,kotatidakbisadigantibahasa,sumut
Pakpak Barat,Sumatera Utara,Kabupaten,kotatidakbisadigantibahasa,sumut
Pematangsiantar,Sumatera Utara,Kota,kotatidakbisadigantibahasa,sumut
Samosir,Sumatera Utara,Kabupaten,kotatidakbisadigantibahasa,sumut
Serdang Bedagai,Sumatera Utara,Kabupaten,kotatidakbisadigantibahasa,sumut
Sibolga,Sumatera Utara,Kota,kotatidakbisadigantibahasa,sumut
Simalungun,Sumatera Utara,Kabupaten,kotatidakbisadigantibahasa,sumut
Tapanuli Selatan,Sumatera Utara,Kabupaten,kotatidakbisadigantibahasa,sumut
Tapanuli Tengah,Sumatera Utara,Kabupaten,kotatidakbisadigantibahasa,sumut
Tapanuli Utara,Sumatera Utara,Kabupaten,kotatidakbisadigantibahasa,sumut
Tebingtinggi,Sumatera Utara,Kota,kotatidakbisadigantibahasa,sumut
Toba Samosir,Sumatera Utara,Kabupaten,kotatidakbisadigantibahasa,sumut
